Brand,Year,Engine Size,Fuel Type,Transmission,Mileage,Condition,Model,prediction,timestamp,request_id
Honda,2010,3.0,Diesel,Manual,211864,Like New,Fit,52713.03642633978,2025-11-22T22:01:30.009061,73c2d6bf-0b40-43a2-ab51-0e00b44e5e41
Tesla,2020,4.4,Hybrid,Manual,18781,Like New,Model 3,52128.75897748884,2025-11-22T22:01:30.009061,73c2d6bf-0b40-43a2-ab51-0e00b44e5e41
Toyota,2013,4.3,Diesel,Manual,55547,Like New,RAV4,53039.603854386514,2025-11-22T22:01:30.009061,73c2d6bf-0b40-43a2-ab51-0e00b44e5e41
Toyota,2006,3.0,Hybrid,Automatic,196914,Used,Camry,51802.191549442105,2025-11-22T22:01:30.009061,73c2d6bf-0b40-43a2-ab51-0e00b44e5e41
BMW,2016,5.5,Petrol,Automatic,67764,Like New,5 Series,51388.969491758246,2025-11-22T22:01:30.009061,73c2d6bf-0b40-43a2-ab51-0e00b44e5e41
Ford,2020,4.3,Electric,Manual,255416,New,Explorer,51316.820250893375,2025-11-22T22:01:30.009061,73c2d6bf-0b40-43a2-ab51-0e00b44e5e41
BMW,2018,4.6,Electric,Automatic,51921,Used,X5,52128.75897748884,2025-11-22T22:01:30.009061,73c2d6bf-0b40-43a2-ab51-0e00b44e5e41
BMW,2015,1.3,Hybrid,Automatic,86067,Used,5 Series,52128.75897748884,2025-11-22T22:01:30.009061,73c2d6bf-0b40-43a2-ab51-0e00b44e5e41
BMW,2006,4.6,Electric,Automatic,239040,New,5 Series,51316.820250893375,2025-11-22T22:01:30.009061,73c2d6bf-0b40-43a2-ab51-0e00b44e5e41
Audi,2010,2.3,Petrol,Manual,250481,New,A4,50577.03076516278,2025-11-22T22:01:30.009061,73c2d6bf-0b40-43a2-ab51-0e00b44e5e41
Audi,2008,1.3,Diesel,Manual,292192,New,Q7,54159.72348945311,2025-11-22T22:01:30.009061,73c2d6bf-0b40-43a2-ab51-0e00b44e5e41
Honda,2021,2.1,Hybrid,Manual,204300,Like New,Civic,51802.191549442105,2025-11-22T22:01:30.009061,73c2d6bf-0b40-43a2-ab51-0e00b44e5e41
Audi,2013,2.1,Diesel,Manual,168461,Used,Q7,54668.840894616485,2025-11-22T22:01:30.009061,73c2d6bf-0b40-43a2-ab51-0e00b44e5e41
BMW,2002,4.1,Hybrid,Automatic,66483,Like New,5 Series,52128.75897748884,2025-11-22T22:01:30.009061,73c2d6bf-0b40-43a2-ab51-0e00b44e5e41
Ford,2020,4.8,Electric,Automatic,221281,Used,Focus,53766.06416916043,2025-11-22T22:01:30.009061,73c2d6bf-0b40-43a2-ab51-0e00b44e5e41
Audi,2014,5.1,Electric,Automatic,204222,Used,Q7,51802.191549442105,2025-11-22T22:01:30.009061,73c2d6bf-0b40-43a2-ab51-0e00b44e5e41
Ford,2013,3.8,Electric,Manual,218115,Used,Fiesta,52883.90090945002,2025-11-22T22:01:30.009061,73c2d6bf-0b40-43a2-ab51-0e00b44e5e41
BMW,2004,3.0,Petrol,Manual,126011,Like New,3 Series,58024.99799087689,2025-11-22T22:01:30.009061,73c2d6bf-0b40-43a2-ab51-0e00b44e5e41
Audi,2005,1.1,Petrol,Automatic,81147,New,Q5,51388.969491758246,2025-11-22T22:01:30.009061,73c2d6bf-0b40-43a2-ab51-0e00b44e5e41
Ford,2008,5.9,Diesel,Manual,62157,Used,Focus,53039.603854386514,2025-11-22T22:01:30.009061,73c2d6bf-0b40-43a2-ab51-0e00b44e5e41
Tesla,2015,3.9,Petrol,Manual,140926,Used,Model 3,55416.444110364806,2025-11-22T22:01:30.009061,73c2d6bf-0b40-43a2-ab51-0e00b44e5e41
Audi,2003,3.3,Hybrid,Automatic,213092,Used,Q7,51802.191549442105,2025-11-22T22:01:30.009061,73c2d6bf-0b40-43a2-ab51-0e00b44e5e41
Mercedes,2016,3.1,Petrol,Automatic,152566,Used,E-Class,51848.571793349576,2025-11-22T22:01:30.009061,73c2d6bf-0b40-43a2-ab51-0e00b44e5e41
Toyota,2006,2.6,Petrol,Automatic,39369,Used,Camry,51388.969491758246,2025-11-22T22:01:30.009061,73c2d6bf-0b40-43a2-ab51-0e00b44e5e41
BMW,2021,5.0,Diesel,Automatic,288065,Used,X3,54159.72348945311,2025-11-22T22:01:30.009061,73c2d6bf-0b40-43a2-ab51-0e00b44e5e41
Audi,2021,1.2,Petrol,Automatic,133021,Like New,A3,50971.58354474924,2025-11-22T22:01:30.009061,73c2d6bf-0b40-43a2-ab51-0e00b44e5e41
BMW,2007,3.2,Hybrid,Manual,156844,Like New,3 Series,54551.74314116706,2025-11-22T22:01:30.009061,73c2d6bf-0b40-43a2-ab51-0e00b44e5e41
Ford,2014,3.7,Hybrid,Automatic,156837,Like New,Explorer,53757.99601771881,2025-11-22T22:01:30.009061,73c2d6bf-0b40-43a2-ab51-0e00b44e5e41
Mercedes,2012,1.2,Diesel,Automatic,269693,Used,GLA,48229.88132549918,2025-11-22T22:01:30.009061,73c2d6bf-0b40-43a2-ab51-0e00b44e5e41
BMW,2022,3.4,Diesel,Automatic,293271,Used,5 Series,54159.72348945311,2025-11-22T22:01:30.009061,73c2d6bf-0b40-43a2-ab51-0e00b44e5e41
Tesla,2015,4.1,Hybrid,Manual,161860,New,Model S,53757.99601771881,2025-11-22T22:01:30.009061,73c2d6bf-0b40-43a2-ab51-0e00b44e5e41
Ford,2019,3.1,Diesel,Manual,286705,New,Fiesta,53277.560229742696,2025-11-22T22:01:30.009061,73c2d6bf-0b40-43a2-ab51-0e00b44e5e41
Audi,2003,1.6,Electric,Automatic,259925,New,Q7,51316.820250893375,2025-11-22T22:01:30.009061,73c2d6bf-0b40-43a2-ab51-0e00b44e5e41
Audi,2023,3.2,Diesel,Manual,196879,New,Q5,52713.03642633978,2025-11-22T22:01:30.009061,73c2d6bf-0b40-43a2-ab51-0e00b44e5e41
Honda,2016,3.9,Electric,Manual,197118,Like New,CR-V,51802.191549442105,2025-11-22T22:01:30.009061,73c2d6bf-0b40-43a2-ab51-0e00b44e5e41
Mercedes,2015,3.5,Petrol,Manual,66266,Like New,GLA,47728.957856063214,2025-11-22T22:01:30.009061,73c2d6bf-0b40-43a2-ab51-0e00b44e5e41
Tesla,2018,2.6,Petrol,Manual,93332,Like New,Model X,51388.969491758246,2025-11-22T22:01:30.009061,73c2d6bf-0b40-43a2-ab51-0e00b44e5e41
Ford,2018,1.4,Electric,Automatic,98580,New,Mustang,52128.75897748884,2025-11-22T22:01:30.009061,73c2d6bf-0b40-43a2-ab51-0e00b44e5e41
Audi,2008,5.7,Petrol,Automatic,255315,Like New,Q5,50577.03076516278,2025-11-22T22:01:30.009061,73c2d6bf-0b40-43a2-ab51-0e00b44e5e41
Honda,2003,1.1,Hybrid,Manual,72828,New,Civic,52128.75897748884,2025-11-22T22:01:30.009061,73c2d6bf-0b40-43a2-ab51-0e00b44e5e41
Tesla,2008,1.5,Petrol,Manual,156228,Like New,Model 3,53018.20653198822,2025-11-22T22:01:30.009061,73c2d6bf-0b40-43a2-ab51-0e00b44e5e41
Audi,2014,1.2,Hybrid,Manual,20754,Like New,A4,52128.75897748884,2025-11-22T22:01:30.009061,73c2d6bf-0b40-43a2-ab51-0e00b44e5e41
Mercedes,2002,5.3,Diesel,Manual,278744,Used,C-Class,53351.719292247486,2025-11-22T22:01:30.009061,73c2d6bf-0b40-43a2-ab51-0e00b44e5e41
Ford,2022,2.9,Electric,Manual,122537,Like New,Mustang,52128.75897748884,2025-11-22T22:01:30.009061,73c2d6bf-0b40-43a2-ab51-0e00b44e5e41
BMW,2003,3.7,Petrol,Manual,33370,Used,X5,51388.969491758246,2025-11-22T22:01:30.009061,73c2d6bf-0b40-43a2-ab51-0e00b44e5e41
BMW,2023,1.2,Hybrid,Manual,240660,New,5 Series,51316.820250893375,2025-11-22T22:01:30.009061,73c2d6bf-0b40-43a2-ab51-0e00b44e5e41
Tesla,2018,3.5,Electric,Automatic,261757,Like New,Model 3,51316.820250893375,2025-11-22T22:01:30.009061,73c2d6bf-0b40-43a2-ab51-0e00b44e5e41
Audi,2011,2.0,Diesel,Manual,219973,New,Q5,54676.90904605811,2025-11-22T22:01:30.009061,73c2d6bf-0b40-43a2-ab51-0e00b44e5e41
Audi,2011,5.4,Hybrid,Automatic,54604,Like New,A4,52128.75897748884,2025-11-22T22:01:30.009061,73c2d6bf-0b40-43a2-ab51-0e00b44e5e41
Honda,2013,5.3,Petrol,Automatic,88771,Like New,CR-V,51388.969491758246,2025-11-22T22:01:30.009061,73c2d6bf-0b40-43a2-ab51-0e00b44e5e41
Toyota,2001,1.2,Hybrid,Manual,31655,New,Camry,52128.75897748884,2025-11-22T22:01:30.009061,73c2d6bf-0b40-43a2-ab51-0e00b44e5e41
Honda,2020,3.0,Diesel,Manual,180903,New,Civic,54668.840894616485,2025-11-22T22:01:30.009061,73c2d6bf-0b40-43a2-ab51-0e00b44e5e41
Tesla,2014,5.7,Petrol,Manual,146075,New,Model 3,53018.20653198822,2025-11-22T22:01:30.009061,73c2d6bf-0b40-43a2-ab51-0e00b44e5e41
Honda,2010,1.1,Diesel,Automatic,108730,Like New,CR-V,51198.31647781616,2025-11-22T22:01:30.009061,73c2d6bf-0b40-43a2-ab51-0e00b44e5e41
Honda,2000,4.7,Diesel,Automatic,102566,Used,CR-V,47404.004869368655,2025-11-22T22:01:30.009061,73c2d6bf-0b40-43a2-ab51-0e00b44e5e41
Toyota,2023,2.9,Electric,Automatic,237778,New,Prius,51316.820250893375,2025-11-22T22:01:30.009061,73c2d6bf-0b40-43a2-ab51-0e00b44e5e41
Ford,2015,2.5,Hybrid,Manual,38057,Like New,Fiesta,51246.59571777843,2025-11-22T22:01:30.009061,73c2d6bf-0b40-43a2-ab51-0e00b44e5e41
Mercedes,2021,4.0,Petrol,Manual,143279,Used,GLA,51521.2167725199,2025-11-22T22:01:30.009061,73c2d6bf-0b40-43a2-ab51-0e00b44e5e41
Toyota,2016,4.3,Electric,Automatic,290320,Used,Camry,53248.87861255543,2025-11-22T22:01:30.009061,73c2d6bf-0b40-43a2-ab51-0e00b44e5e41
Mercedes,2003,5.5,Electric,Automatic,66896,New,E-Class,53252.81314194528,2025-11-22T22:01:30.009061,73c2d6bf-0b40-43a2-ab51-0e00b44e5e41
Tesla,2002,2.2,Electric,Manual,21825,Like New,Model Y,52456.86712590835,2025-11-22T22:01:30.009061,73c2d6bf-0b40-43a2-ab51-0e00b44e5e41
BMW,2010,2.5,Hybrid,Automatic,157998,Like New,X5,53757.99601771881,2025-11-22T22:01:30.009061,73c2d6bf-0b40-43a2-ab51-0e00b44e5e41
Ford,2007,2.6,Hybrid,Manual,259013,Used,Focus,51316.820250893375,2025-11-22T22:01:30.009061,73c2d6bf-0b40-43a2-ab51-0e00b44e5e41
Toyota,2019,3.9,Electric,Automatic,154473,New,Prius,53757.99601771881,2025-11-22T22:01:30.009061,73c2d6bf-0b40-43a2-ab51-0e00b44e5e41
Toyota,2016,3.5,Petrol,Manual,262713,New,Prius,50577.03076516278,2025-11-22T22:01:30.009061,73c2d6bf-0b40-43a2-ab51-0e00b44e5e41
BMW,2007,4.3,Hybrid,Manual,194188,Like New,X3,51802.191549442105,2025-11-22T22:01:30.009061,73c2d6bf-0b40-43a2-ab51-0e00b44e5e41
Ford,2001,1.9,Diesel,Manual,161508,Like New,Explorer,54668.840894616485,2025-11-22T22:01:30.009061,73c2d6bf-0b40-43a2-ab51-0e00b44e5e41
Ford,2023,4.5,Electric,Manual,111174,Used,Fiesta,51246.59571777843,2025-11-22T22:01:30.009061,73c2d6bf-0b40-43a2-ab51-0e00b44e5e41
Audi,2018,2.2,Petrol,Automatic,176774,Like New,Q5,53018.20653198822,2025-11-22T22:01:30.009061,73c2d6bf-0b40-43a2-ab51-0e00b44e5e41
Ford,2008,5.0,Diesel,Manual,289324,Used,Fiesta,53277.560229742696,2025-11-22T22:01:30.009061,73c2d6bf-0b40-43a2-ab51-0e00b44e5e41
Ford,2020,3.3,Electric,Automatic,177043,Like New,Fiesta,52875.8327580084,2025-11-22T22:01:30.009061,73c2d6bf-0b40-43a2-ab51-0e00b44e5e41
Ford,2012,1.2,Electric,Automatic,298325,New,Fiesta,52366.71535284502,2025-11-22T22:01:30.009061,73c2d6bf-0b40-43a2-ab51-0e00b44e5e41
Tesla,2018,1.0,Diesel,Automatic,278496,New,Model Y,56082.370402225155,2025-11-22T22:01:30.009061,73c2d6bf-0b40-43a2-ab51-0e00b44e5e41
Tesla,2002,4.6,Diesel,Automatic,6764,Like New,Model Y,53367.71200280602,2025-11-22T22:01:30.009061,73c2d6bf-0b40-43a2-ab51-0e00b44e5e41
Audi,2003,2.1,Hybrid,Manual,188418,Used,Q7,53757.99601771881,2025-11-22T22:01:30.009061,73c2d6bf-0b40-43a2-ab51-0e00b44e5e41
Honda,2022,5.4,Electric,Manual,261161,Like New,Civic,51316.820250893375,2025-11-22T22:01:30.009061,73c2d6bf-0b40-43a2-ab51-0e00b44e5e41
Honda,2008,3.8,Electric,Manual,250476,Used,Fit,51316.820250893375,2025-11-22T22:01:30.009061,73c2d6bf-0b40-43a2-ab51-0e00b44e5e41
Audi,2004,1.3,Electric,Automatic,244,Like New,Q7,52128.75897748884,2025-11-22T22:01:30.009061,73c2d6bf-0b40-43a2-ab51-0e00b44e5e41
Toyota,2016,5.7,Hybrid,Manual,66151,New,Camry,52128.75897748884,2025-11-22T22:01:30.009061,73c2d6bf-0b40-43a2-ab51-0e00b44e5e41
Mercedes,2010,2.2,Diesel,Automatic,103235,Used,C-Class,50984.812480057844,2025-11-22T22:01:30.009061,73c2d6bf-0b40-43a2-ab51-0e00b44e5e41
Mercedes,2003,4.1,Petrol,Manual,263552,New,GLC,54212.7592911398,2025-11-22T22:01:30.009061,73c2d6bf-0b40-43a2-ab51-0e00b44e5e41
Honda,2005,1.4,Petrol,Automatic,42039,New,Fit,51388.969491758246,2025-11-22T22:01:30.009061,73c2d6bf-0b40-43a2-ab51-0e00b44e5e41
Honda,2023,4.5,Diesel,Manual,115814,Like New,Civic,53039.603854386514,2025-11-22T22:01:30.009061,73c2d6bf-0b40-43a2-ab51-0e00b44e5e41
Ford,2009,4.6,Hybrid,Manual,45510,Like New,Explorer,52128.75897748884,2025-11-22T22:01:30.009061,73c2d6bf-0b40-43a2-ab51-0e00b44e5e41
Mercedes,2019,4.0,Hybrid,Automatic,85015,Used,GLC,55024.69801773527,2025-11-22T22:01:30.009061,73c2d6bf-0b40-43a2-ab51-0e00b44e5e41
Ford,2006,2.9,Petrol,Manual,283539,Like New,Explorer,50577.03076516278,2025-11-22T22:01:30.009061,73c2d6bf-0b40-43a2-ab51-0e00b44e5e41
Honda,2022,3.4,Diesel,Automatic,291749,Used,Accord,54159.72348945311,2025-11-22T22:01:30.009061,73c2d6bf-0b40-43a2-ab51-0e00b44e5e41
Audi,2008,4.8,Electric,Manual,39051,Used,Q5,52128.75897748884,2025-11-22T22:01:30.009061,73c2d6bf-0b40-43a2-ab51-0e00b44e5e41
Audi,2003,4.2,Diesel,Manual,152185,New,A3,54668.840894616485,2025-11-22T22:01:30.009061,73c2d6bf-0b40-43a2-ab51-0e00b44e5e41
Mercedes,2012,5.2,Electric,Manual,90073,Used,C-Class,53252.81314194528,2025-11-22T22:01:30.009061,73c2d6bf-0b40-43a2-ab51-0e00b44e5e41
Toyota,2006,3.1,Petrol,Manual,236139,New,Camry,50577.03076516278,2025-11-22T22:01:30.009061,73c2d6bf-0b40-43a2-ab51-0e00b44e5e41
Honda,2021,3.3,Petrol,Automatic,253978,New,CR-V,50577.03076516278,2025-11-22T22:01:30.009061,73c2d6bf-0b40-43a2-ab51-0e00b44e5e41
Honda,2008,3.3,Petrol,Automatic,78343,Used,Fit,51388.969491758246,2025-11-22T22:01:30.009061,73c2d6bf-0b40-43a2-ab51-0e00b44e5e41
Mercedes,2002,2.5,Electric,Manual,20719,Like New,GLC,54652.86624935562,2025-11-22T22:01:30.009061,73c2d6bf-0b40-43a2-ab51-0e00b44e5e41
Toyota,2013,4.5,Diesel,Automatic,90815,New,RAV4,53039.603854386514,2025-11-22T22:01:30.009061,73c2d6bf-0b40-43a2-ab51-0e00b44e5e41
Mercedes,2004,3.6,Electric,Manual,15419,Used,GLA,50631.76921802053,2025-11-22T22:01:30.009061,73c2d6bf-0b40-43a2-ab51-0e00b44e5e41
Honda,2002,2.7,Electric,Automatic,212376,New,Civic,51802.191549442105,2025-11-22T22:01:30.009061,73c2d6bf-0b40-43a2-ab51-0e00b44e5e41
Ford,2023,5.1,Petrol,Manual,81397,New,Fiesta,53556.40777617235,2025-11-22T22:01:30.009061,73c2d6bf-0b40-43a2-ab51-0e00b44e5e41
Honda,2010,1.3,Electric,Manual,186168,Used,Civic,53757.99601771881,2025-11-22T22:01:30.009061,73c2d6bf-0b40-43a2-ab51-0e00b44e5e41
Tesla,2014,4.1,Hybrid,Manual,198937,Used,Model S,51802.191549442105,2025-11-22T22:01:30.009061,73c2d6bf-0b40-43a2-ab51-0e00b44e5e41
Honda,2003,1.7,Hybrid,Automatic,227257,Used,Accord,51316.820250893375,2025-11-22T22:01:30.009061,73c2d6bf-0b40-43a2-ab51-0e00b44e5e41
Audi,2021,4.6,Electric,Automatic,9466,Used,A3,52128.75897748884,2025-11-22T22:01:30.009061,73c2d6bf-0b40-43a2-ab51-0e00b44e5e41
Audi,2019,4.5,Petrol,Automatic,89023,New,Q7,51388.969491758246,2025-11-22T22:01:30.009061,73c2d6bf-0b40-43a2-ab51-0e00b44e5e41
Ford,2017,4.2,Electric,Automatic,80781,Like New,Fiesta,51246.59571777843,2025-11-22T22:01:30.009061,73c2d6bf-0b40-43a2-ab51-0e00b44e5e41
Honda,2009,2.9,Diesel,Automatic,272459,Used,CR-V,46592.06614277319,2025-11-22T22:01:30.009061,73c2d6bf-0b40-43a2-ab51-0e00b44e5e41
Mercedes,2013,5.0,Diesel,Automatic,56238,Like New,GLC,58713.1223893172,2025-11-22T22:01:30.009061,73c2d6bf-0b40-43a2-ab51-0e00b44e5e41
Honda,2023,5.0,Petrol,Manual,168090,New,Accord,53018.20653198822,2025-11-22T22:01:30.009061,73c2d6bf-0b40-43a2-ab51-0e00b44e5e41
Tesla,2003,5.1,Petrol,Automatic,4861,Used,Model S,51388.969491758246,2025-11-22T22:01:30.009061,73c2d6bf-0b40-43a2-ab51-0e00b44e5e41
Tesla,2012,1.2,Hybrid,Manual,290160,New,Model 3,53248.87861255543,2025-11-22T22:01:30.009061,73c2d6bf-0b40-43a2-ab51-0e00b44e5e41
Honda,2018,2.2,Diesel,Automatic,75010,New,Fit,53039.603854386514,2025-11-22T22:01:30.009061,73c2d6bf-0b40-43a2-ab51-0e00b44e5e41
Tesla,2020,5.9,Hybrid,Manual,158693,Like New,Model X,53757.99601771881,2025-11-22T22:01:30.009061,73c2d6bf-0b40-43a2-ab51-0e00b44e5e41
Mercedes,2020,3.2,Petrol,Manual,82641,Like New,C-Class,50219.334753119605,2025-11-22T22:01:30.009061,73c2d6bf-0b40-43a2-ab51-0e00b44e5e41
Audi,2016,1.4,Petrol,Manual,55152,Used,Q5,51388.969491758246,2025-11-22T22:01:30.009061,73c2d6bf-0b40-43a2-ab51-0e00b44e5e41
Tesla,2000,1.7,Hybrid,Automatic,229303,New,Model 3,51316.820250893375,2025-11-22T22:01:30.009061,73c2d6bf-0b40-43a2-ab51-0e00b44e5e41
Tesla,2022,3.1,Diesel,Manual,210154,Like New,Model S,54792.470764497055,2025-11-22T22:01:30.009061,73c2d6bf-0b40-43a2-ab51-0e00b44e5e41
Honda,2013,2.2,Electric,Automatic,43372,Like New,Civic,52128.75897748884,2025-11-22T22:01:30.009061,73c2d6bf-0b40-43a2-ab51-0e00b44e5e41
Audi,2023,1.3,Electric,Manual,57732,New,Q5,52128.75897748884,2025-11-22T22:01:30.009061,73c2d6bf-0b40-43a2-ab51-0e00b44e5e41
Mercedes,2016,5.7,Petrol,Automatic,204249,New,E-Class,47561.684811221705,2025-11-22T22:01:30.009061,73c2d6bf-0b40-43a2-ab51-0e00b44e5e41
BMW,2022,1.8,Hybrid,Automatic,60155,New,3 Series,54418.76196605382,2025-11-22T22:01:30.009061,73c2d6bf-0b40-43a2-ab51-0e00b44e5e41
Toyota,2008,3.2,Electric,Automatic,58235,Used,Corolla,52128.75897748884,2025-11-22T22:01:30.009061,73c2d6bf-0b40-43a2-ab51-0e00b44e5e41
Audi,2000,2.1,Petrol,Manual,209496,Like New,Q7,51062.40206371151,2025-11-22T22:01:30.009061,73c2d6bf-0b40-43a2-ab51-0e00b44e5e41
Mercedes,2021,2.7,Petrol,Automatic,91782,Like New,E-Class,49334.178117429576,2025-11-22T22:01:30.009061,73c2d6bf-0b40-43a2-ab51-0e00b44e5e41
Toyota,2005,4.4,Hybrid,Automatic,64829,Like New,Camry,52128.75897748884,2025-11-22T22:01:30.009061,73c2d6bf-0b40-43a2-ab51-0e00b44e5e41
Audi,2011,4.7,Diesel,Manual,72847,Like New,A3,53039.603854386514,2025-11-22T22:01:30.009061,73c2d6bf-0b40-43a2-ab51-0e00b44e5e41
Honda,2016,3.1,Electric,Manual,280412,Used,Civic,51316.820250893375,2025-11-22T22:01:30.009061,73c2d6bf-0b40-43a2-ab51-0e00b44e5e41
Tesla,2018,1.7,Petrol,Automatic,118998,New,Model X,51388.969491758246,2025-11-22T22:01:30.009061,73c2d6bf-0b40-43a2-ab51-0e00b44e5e41
Audi,2016,4.2,Diesel,Manual,205384,New,Q7,52713.03642633978,2025-11-22T22:01:30.009061,73c2d6bf-0b40-43a2-ab51-0e00b44e5e41
Honda,2004,4.5,Diesel,Manual,154522,Used,CR-V,45305.1282800317,2025-11-22T22:01:30.009061,73c2d6bf-0b40-43a2-ab51-0e00b44e5e41
BMW,2018,3.1,Diesel,Manual,290669,Like New,X5,54159.72348945311,2025-11-22T22:01:30.009061,73c2d6bf-0b40-43a2-ab51-0e00b44e5e41
Ford,2010,3.7,Electric,Automatic,128068,Used,Explorer,50040.035421233,2025-11-22T22:01:30.009061,73c2d6bf-0b40-43a2-ab51-0e00b44e5e41
Honda,2006,4.9,Petrol,Manual,155223,Like New,CR-V,49290.09290242129,2025-11-22T22:01:30.009061,73c2d6bf-0b40-43a2-ab51-0e00b44e5e41
Tesla,2015,1.9,Diesel,Manual,8888,Like New,Model Y,53367.71200280602,2025-11-22T22:01:30.009061,73c2d6bf-0b40-43a2-ab51-0e00b44e5e41
Tesla,2009,1.3,Petrol,Automatic,997,New,Model S,51388.969491758246,2025-11-22T22:01:30.009061,73c2d6bf-0b40-43a2-ab51-0e00b44e5e41
Honda,2004,1.3,Diesel,Automatic,216746,New,CR-V,52835.62166948775,2025-11-22T22:01:30.009061,73c2d6bf-0b40-43a2-ab51-0e00b44e5e41
Audi,2018,1.7,Diesel,Automatic,221666,Used,A3,54676.90904605811,2025-11-22T22:01:30.009061,73c2d6bf-0b40-43a2-ab51-0e00b44e5e41
Audi,2000,1.4,Hybrid,Automatic,72219,Like New,Q7,52128.75897748884,2025-11-22T22:01:30.009061,73c2d6bf-0b40-43a2-ab51-0e00b44e5e41
Tesla,2023,3.3,Petrol,Manual,295531,Like New,Model X,52509.08912682484,2025-11-22T22:01:30.009061,73c2d6bf-0b40-43a2-ab51-0e00b44e5e41
Ford,2016,1.3,Electric,Automatic,10567,Like New,Mustang,52128.75897748884,2025-11-22T22:01:30.009061,73c2d6bf-0b40-43a2-ab51-0e00b44e5e41
BMW,2015,3.1,Diesel,Automatic,70382,Used,X3,53039.603854386514,2025-11-22T22:01:30.009061,73c2d6bf-0b40-43a2-ab51-0e00b44e5e41
Ford,2019,1.7,Hybrid,Automatic,282187,Used,Explorer,51316.820250893375,2025-11-22T22:01:30.009061,73c2d6bf-0b40-43a2-ab51-0e00b44e5e41
Tesla,2023,1.4,Petrol,Manual,89196,Used,Model X,51388.969491758246,2025-11-22T22:01:30.009061,73c2d6bf-0b40-43a2-ab51-0e00b44e5e41
Ford,2003,4.6,Hybrid,Automatic,276379,New,Fiesta,50434.656991182965,2025-11-22T22:01:30.009061,73c2d6bf-0b40-43a2-ab51-0e00b44e5e41
Honda,2001,4.2,Diesel,Automatic,31126,Used,CR-V,47404.004869368655,2025-11-22T22:01:30.009061,73c2d6bf-0b40-43a2-ab51-0e00b44e5e41
Audi,2013,3.0,Petrol,Manual,73366,Like New,Q7,51388.969491758246,2025-11-22T22:01:30.009061,73c2d6bf-0b40-43a2-ab51-0e00b44e5e41
Ford,2019,3.9,Petrol,Manual,101206,Used,Focus,51388.969491758246,2025-11-22T22:01:30.009061,73c2d6bf-0b40-43a2-ab51-0e00b44e5e41
Tesla,2002,5.8,Diesel,Manual,16292,Used,Model 3,53039.603854386514,2025-11-22T22:01:30.009061,73c2d6bf-0b40-43a2-ab51-0e00b44e5e41
Tesla,2012,4.6,Petrol,Manual,105474,Used,Model S,51388.969491758246,2025-11-22T22:01:30.009061,73c2d6bf-0b40-43a2-ab51-0e00b44e5e41
Ford,2008,5.0,Electric,Automatic,259896,Like New,Focus,51316.820250893375,2025-11-22T22:01:30.009061,73c2d6bf-0b40-43a2-ab51-0e00b44e5e41
BMW,2007,1.6,Petrol,Automatic,120601,New,X5,51388.969491758246,2025-11-22T22:01:30.009061,73c2d6bf-0b40-43a2-ab51-0e00b44e5e41
Audi,2023,4.7,Diesel,Manual,155183,Used,A3,54668.840894616485,2025-11-22T22:01:30.009061,73c2d6bf-0b40-43a2-ab51-0e00b44e5e41
Toyota,2014,2.6,Diesel,Automatic,124078,New,Camry,53039.603854386514,2025-11-22T22:01:30.009061,73c2d6bf-0b40-43a2-ab51-0e00b44e5e41
Audi,2021,3.9,Electric,Automatic,83360,New,Q7,52128.75897748884,2025-11-22T22:01:30.009061,73c2d6bf-0b40-43a2-ab51-0e00b44e5e41
Toyota,2015,2.1,Electric,Manual,169180,Like New,Corolla,53757.99601771881,2025-11-22T22:01:30.009061,73c2d6bf-0b40-43a2-ab51-0e00b44e5e41
Ford,2000,5.5,Diesel,Automatic,271372,New,Focus,52227.66512779105,2025-11-22T22:01:30.009061,73c2d6bf-0b40-43a2-ab51-0e00b44e5e41
BMW,2023,2.1,Diesel,Automatic,224402,Like New,5 Series,54676.90904605811,2025-11-22T22:01:30.009061,73c2d6bf-0b40-43a2-ab51-0e00b44e5e41
Ford,2019,4.1,Hybrid,Manual,16738,Like New,Fiesta,51246.59571777843,2025-11-22T22:01:30.009061,73c2d6bf-0b40-43a2-ab51-0e00b44e5e41
Honda,2017,1.7,Petrol,Automatic,90744,New,Fit,51388.969491758246,2025-11-22T22:01:30.009061,73c2d6bf-0b40-43a2-ab51-0e00b44e5e41
BMW,2012,1.5,Electric,Manual,159245,Used,3 Series,54551.74314116706,2025-11-22T22:01:30.009061,73c2d6bf-0b40-43a2-ab51-0e00b44e5e41
BMW,2021,1.3,Electric,Manual,118319,Used,5 Series,52128.75897748884,2025-11-22T22:01:30.009061,73c2d6bf-0b40-43a2-ab51-0e00b44e5e41
Honda,2020,3.8,Petrol,Automatic,125407,Used,Civic,51388.969491758246,2025-11-22T22:01:30.009061,73c2d6bf-0b40-43a2-ab51-0e00b44e5e41
Ford,2007,3.4,Electric,Automatic,15739,Like New,Focus,52128.75897748884,2025-11-22T22:01:30.009061,73c2d6bf-0b40-43a2-ab51-0e00b44e5e41
Honda,2013,2.7,Diesel,Automatic,167813,Like New,Fit,54668.840894616485,2025-11-22T22:01:30.009061,73c2d6bf-0b40-43a2-ab51-0e00b44e5e41
Ford,2015,3.0,Petrol,Manual,7232,New,Fiesta,53556.40777617235,2025-11-22T22:01:30.009061,73c2d6bf-0b40-43a2-ab51-0e00b44e5e41
Tesla,2011,5.1,Electric,Manual,88919,Used,Model Y,52456.86712590835,2025-11-22T22:01:30.009061,73c2d6bf-0b40-43a2-ab51-0e00b44e5e41
BMW,2014,2.8,Hybrid,Automatic,87695,New,X3,52128.75897748884,2025-11-22T22:01:30.009061,73c2d6bf-0b40-43a2-ab51-0e00b44e5e41
BMW,2014,5.0,Petrol,Manual,185846,Like New,3 Series,54551.74314116706,2025-11-22T22:01:30.009061,73c2d6bf-0b40-43a2-ab51-0e00b44e5e41
Audi,2013,5.5,Petrol,Manual,122058,Used,A4,51388.969491758246,2025-11-22T22:01:30.009061,73c2d6bf-0b40-43a2-ab51-0e00b44e5e41
Ford,2021,1.1,Hybrid,Manual,272827,Like New,Fiesta,50434.656991182965,2025-11-22T22:01:30.009061,73c2d6bf-0b40-43a2-ab51-0e00b44e5e41
Audi,2004,1.3,Hybrid,Automatic,80974,Like New,Q7,52128.75897748884,2025-11-22T22:01:30.009061,73c2d6bf-0b40-43a2-ab51-0e00b44e5e41
Audi,2015,1.6,Hybrid,Manual,117363,New,A4,52128.75897748884,2025-11-22T22:01:30.009061,73c2d6bf-0b40-43a2-ab51-0e00b44e5e41
Honda,2021,2.7,Electric,Automatic,236028,Like New,Fit,51316.820250893375,2025-11-22T22:01:30.009061,73c2d6bf-0b40-43a2-ab51-0e00b44e5e41
Toyota,2010,2.5,Diesel,Automatic,110771,New,Corolla,53039.603854386514,2025-11-22T22:01:30.009061,73c2d6bf-0b40-43a2-ab51-0e00b44e5e41
Honda,2022,6.0,Hybrid,Manual,111581,Like New,Accord,52128.75897748884,2025-11-22T22:01:30.009061,73c2d6bf-0b40-43a2-ab51-0e00b44e5e41
Ford,2018,4.2,Hybrid,Automatic,151174,New,Explorer,53757.99601771881,2025-11-22T22:01:30.009061,73c2d6bf-0b40-43a2-ab51-0e00b44e5e41
Tesla,2007,3.8,Diesel,Automatic,43147,Used,Model S,55119.03819254379,2025-11-22T22:01:30.009061,73c2d6bf-0b40-43a2-ab51-0e00b44e5e41
Audi,2017,3.0,Hybrid,Automatic,177059,Used,Q5,53757.99601771881,2025-11-22T22:01:30.009061,73c2d6bf-0b40-43a2-ab51-0e00b44e5e41
Mercedes,2021,2.6,Petrol,Manual,16065,Used,GLA,49006.8230965999,2025-11-22T22:01:30.009061,73c2d6bf-0b40-43a2-ab51-0e00b44e5e41
Honda,2016,5.0,Petrol,Automatic,71524,Like New,Accord,51388.969491758246,2025-11-22T22:01:30.009061,73c2d6bf-0b40-43a2-ab51-0e00b44e5e41
Honda,2003,1.0,Hybrid,Automatic,118115,Like New,CR-V,55655.356103503436,2025-11-22T22:01:30.009061,73c2d6bf-0b40-43a2-ab51-0e00b44e5e41
Ford,2003,1.1,Petrol,Automatic,38379,Used,Focus,51388.969491758246,2025-11-22T22:01:30.009061,73c2d6bf-0b40-43a2-ab51-0e00b44e5e41
Toyota,2003,3.5,Diesel,Automatic,214738,Used,Camry,52713.03642633978,2025-11-22T22:01:30.009061,73c2d6bf-0b40-43a2-ab51-0e00b44e5e41
Mercedes,2015,1.3,Petrol,Automatic,19346,New,GLC,57805.752560152214,2025-11-22T22:01:30.009061,73c2d6bf-0b40-43a2-ab51-0e00b44e5e41
Tesla,2003,1.4,Diesel,Automatic,21518,Like New,Model X,53039.603854386514,2025-11-22T22:01:30.009061,73c2d6bf-0b40-43a2-ab51-0e00b44e5e41
Mercedes,2007,5.4,Hybrid,Automatic,138056,New,C-Class,57280.28776055184,2025-11-22T22:01:30.009061,73c2d6bf-0b40-43a2-ab51-0e00b44e5e41
BMW,2020,2.9,Diesel,Manual,235067,Used,X3,52227.66512779105,2025-11-22T22:01:30.009061,73c2d6bf-0b40-43a2-ab51-0e00b44e5e41
Honda,2002,2.0,Petrol,Automatic,103431,Like New,Accord,51388.969491758246,2025-11-22T22:01:30.009061,73c2d6bf-0b40-43a2-ab51-0e00b44e5e41
Honda,2013,4.8,Electric,Manual,66567,New,CR-V,52128.75897748884,2025-11-22T22:01:30.009061,73c2d6bf-0b40-43a2-ab51-0e00b44e5e41
Audi,2007,4.6,Diesel,Automatic,124786,Like New,A4,53039.603854386514,2025-11-22T22:01:30.009061,73c2d6bf-0b40-43a2-ab51-0e00b44e5e41
BMW,2006,2.5,Diesel,Manual,256346,Like New,X3,52227.66512779105,2025-11-22T22:01:30.009061,73c2d6bf-0b40-43a2-ab51-0e00b44e5e41
Ford,2005,4.0,Electric,Manual,134997,Like New,Fiesta,49157.87216152259,2025-11-22T22:01:30.009061,73c2d6bf-0b40-43a2-ab51-0e00b44e5e41
Honda,2021,1.3,Petrol,Manual,143949,Used,Accord,53018.20653198822,2025-11-22T22:01:30.009061,73c2d6bf-0b40-43a2-ab51-0e00b44e5e41
BMW,2002,2.1,Diesel,Manual,270855,Used,X3,52227.66512779105,2025-11-22T22:01:30.009061,73c2d6bf-0b40-43a2-ab51-0e00b44e5e41
Toyota,2020,5.1,Diesel,Automatic,162475,Used,Camry,54668.840894616485,2025-11-22T22:01:30.009061,73c2d6bf-0b40-43a2-ab51-0e00b44e5e41
Honda,2021,4.1,Hybrid,Manual,126372,New,Civic,57231.25086742864,2025-11-22T22:01:30.009061,73c2d6bf-0b40-43a2-ab51-0e00b44e5e41
Tesla,2020,1.4,Electric,Manual,52055,Used,Model 3,52128.75897748884,2025-11-22T22:01:30.009061,73c2d6bf-0b40-43a2-ab51-0e00b44e5e41
Audi,2000,3.6,Diesel,Manual,115042,New,Q5,53039.603854386514,2025-11-22T22:01:30.009061,73c2d6bf-0b40-43a2-ab51-0e00b44e5e41
Toyota,2014,3.8,Hybrid,Automatic,112406,Like New,RAV4,52128.75897748884,2025-11-22T22:01:30.009061,73c2d6bf-0b40-43a2-ab51-0e00b44e5e41
Audi,2004,2.0,Diesel,Automatic,242124,New,A4,52227.66512779105,2025-11-22T22:01:30.009061,73c2d6bf-0b40-43a2-ab51-0e00b44e5e41
Honda,2010,4.8,Diesel,Manual,7043,Used,Accord,53039.603854386514,2025-11-22T22:01:30.009061,73c2d6bf-0b40-43a2-ab51-0e00b44e5e41
Honda,2004,4.4,Diesel,Automatic,237469,Used,Fit,52227.66512779105,2025-11-22T22:01:30.009061,73c2d6bf-0b40-43a2-ab51-0e00b44e5e41
Honda,2009,3.0,Diesel,Manual,317796,Like New,Fit,54159.72348945311,2025-11-22T22:01:30.049494,5498851e-e7fa-46bc-84e6-f3e049ffa7ed
Tesla,2019,4.4,Hybrid,Manual,28171,Like New,Model 3,52128.75897748884,2025-11-22T22:01:30.049494,5498851e-e7fa-46bc-84e6-f3e049ffa7ed
Toyota,2012,4.3,Diesel,Manual,83320,Like New,RAV4,53039.603854386514,2025-11-22T22:01:30.049494,5498851e-e7fa-46bc-84e6-f3e049ffa7ed
Toyota,2005,3.0,Hybrid,Automatic,295371,Used,Camry,53248.87861255543,2025-11-22T22:01:30.049494,5498851e-e7fa-46bc-84e6-f3e049ffa7ed
BMW,2015,5.5,Petrol,Automatic,101646,Like New,5 Series,51388.969491758246,2025-11-22T22:01:30.049494,5498851e-e7fa-46bc-84e6-f3e049ffa7ed
Ford,2019,4.3,Electric,Manual,383124,New,Explorer,53248.87861255543,2025-11-22T22:01:30.049494,5498851e-e7fa-46bc-84e6-f3e049ffa7ed
BMW,2017,4.6,Electric,Automatic,77881,Used,X5,52128.75897748884,2025-11-22T22:01:30.049494,5498851e-e7fa-46bc-84e6-f3e049ffa7ed
BMW,2014,1.3,Hybrid,Automatic,129100,Used,5 Series,50040.035421233,2025-11-22T22:01:30.049494,5498851e-e7fa-46bc-84e6-f3e049ffa7ed
BMW,2005,4.6,Electric,Automatic,358560,New,5 Series,53248.87861255543,2025-11-22T22:01:30.049494,5498851e-e7fa-46bc-84e6-f3e049ffa7ed
Audi,2009,2.3,Petrol,Manual,375721,New,A4,52509.08912682484,2025-11-22T22:01:30.049494,5498851e-e7fa-46bc-84e6-f3e049ffa7ed
Audi,2007,1.3,Diesel,Manual,438288,New,Q7,54159.72348945311,2025-11-22T22:01:30.049494,5498851e-e7fa-46bc-84e6-f3e049ffa7ed
Honda,2020,2.1,Hybrid,Manual,306450,Like New,Civic,53248.87861255543,2025-11-22T22:01:30.049494,5498851e-e7fa-46bc-84e6-f3e049ffa7ed
Audi,2012,2.1,Diesel,Manual,252691,Used,Q7,52227.66512779105,2025-11-22T22:01:30.049494,5498851e-e7fa-46bc-84e6-f3e049ffa7ed
BMW,2001,4.1,Hybrid,Automatic,99724,Like New,5 Series,52128.75897748884,2025-11-22T22:01:30.049494,5498851e-e7fa-46bc-84e6-f3e049ffa7ed
Ford,2019,4.8,Electric,Automatic,331921,Used,Focus,53248.87861255543,2025-11-22T22:01:30.049494,5498851e-e7fa-46bc-84e6-f3e049ffa7ed
Audi,2013,5.1,Electric,Automatic,306333,Used,Q7,53248.87861255543,2025-11-22T22:01:30.049494,5498851e-e7fa-46bc-84e6-f3e049ffa7ed
Ford,2012,3.8,Electric,Manual,327172,Used,Fiesta,52366.71535284502,2025-11-22T22:01:30.049494,5498851e-e7fa-46bc-84e6-f3e049ffa7ed
BMW,2003,3.0,Petrol,Manual,189016,Like New,3 Series,54551.74314116706,2025-11-22T22:01:30.049494,5498851e-e7fa-46bc-84e6-f3e049ffa7ed
Audi,2004,1.1,Petrol,Automatic,121720,New,Q5,51388.969491758246,2025-11-22T22:01:30.049494,5498851e-e7fa-46bc-84e6-f3e049ffa7ed
Ford,2007,5.9,Diesel,Manual,93235,Used,Focus,53039.603854386514,2025-11-22T22:01:30.049494,5498851e-e7fa-46bc-84e6-f3e049ffa7ed
Tesla,2014,3.9,Petrol,Manual,211389,Used,Model 3,51062.40206371151,2025-11-22T22:01:30.049494,5498851e-e7fa-46bc-84e6-f3e049ffa7ed
Audi,2002,3.3,Hybrid,Automatic,319638,Used,Q7,53248.87861255543,2025-11-22T22:01:30.049494,5498851e-e7fa-46bc-84e6-f3e049ffa7ed
Mercedes,2015,3.1,Petrol,Automatic,228849,Used,E-Class,49407.39602652414,2025-11-22T22:01:30.049494,5498851e-e7fa-46bc-84e6-f3e049ffa7ed
Toyota,2005,2.6,Petrol,Automatic,59053,Used,Camry,51388.969491758246,2025-11-22T22:01:30.049494,5498851e-e7fa-46bc-84e6-f3e049ffa7ed
BMW,2020,5.0,Diesel,Automatic,432097,Used,X3,54159.72348945311,2025-11-22T22:01:30.049494,5498851e-e7fa-46bc-84e6-f3e049ffa7ed
Audi,2020,1.2,Petrol,Automatic,199531,Like New,A3,52733.73967295835,2025-11-22T22:01:30.049494,5498851e-e7fa-46bc-84e6-f3e049ffa7ed
BMW,2006,3.2,Hybrid,Manual,235266,Like New,3 Series,52110.56737434163,2025-11-22T22:01:30.049494,5498851e-e7fa-46bc-84e6-f3e049ffa7ed
Ford,2013,3.7,Hybrid,Automatic,235255,Like New,Explorer,51316.820250893375,2025-11-22T22:01:30.049494,5498851e-e7fa-46bc-84e6-f3e049ffa7ed
Mercedes,2011,1.2,Diesel,Automatic,404539,Used,GLA,50161.93968716123,2025-11-22T22:01:30.049494,5498851e-e7fa-46bc-84e6-f3e049ffa7ed
BMW,2021,3.4,Diesel,Automatic,439906,Used,5 Series,54159.72348945311,2025-11-22T22:01:30.049494,5498851e-e7fa-46bc-84e6-f3e049ffa7ed
Tesla,2014,4.1,Hybrid,Manual,242790,New,Model S,51316.820250893375,2025-11-22T22:01:30.049494,5498851e-e7fa-46bc-84e6-f3e049ffa7ed
Ford,2018,3.1,Diesel,Manual,430057,New,Fiesta,53277.560229742696,2025-11-22T22:01:30.049494,5498851e-e7fa-46bc-84e6-f3e049ffa7ed
Audi,2002,1.6,Electric,Automatic,389887,New,Q7,53248.87861255543,2025-11-22T22:01:30.049494,5498851e-e7fa-46bc-84e6-f3e049ffa7ed
Audi,2022,3.2,Diesel,Manual,295318,New,Q5,54159.72348945311,2025-11-22T22:01:30.049494,5498851e-e7fa-46bc-84e6-f3e049ffa7ed
Honda,2015,3.9,Electric,Manual,295677,Like New,CR-V,53248.87861255543,2025-11-22T22:01:30.049494,5498851e-e7fa-46bc-84e6-f3e049ffa7ed
Mercedes,2014,3.5,Petrol,Manual,99399,Like New,GLA,47728.957856063214,2025-11-22T22:01:30.049494,5498851e-e7fa-46bc-84e6-f3e049ffa7ed
Tesla,2017,2.6,Petrol,Manual,139998,Like New,Model X,55416.444110364806,2025-11-22T22:01:30.049494,5498851e-e7fa-46bc-84e6-f3e049ffa7ed
Ford,2017,1.4,Electric,Automatic,147870,New,Mustang,53757.99601771881,2025-11-22T22:01:30.049494,5498851e-e7fa-46bc-84e6-f3e049ffa7ed
Audi,2007,5.7,Petrol,Automatic,382972,Like New,Q5,52509.08912682484,2025-11-22T22:01:30.049494,5498851e-e7fa-46bc-84e6-f3e049ffa7ed
Honda,2002,1.1,Hybrid,Manual,109242,New,Civic,52128.75897748884,2025-11-22T22:01:30.049494,5498851e-e7fa-46bc-84e6-f3e049ffa7ed
Tesla,2007,1.5,Petrol,Manual,234342,Like New,Model 3,50577.03076516278,2025-11-22T22:01:30.049494,5498851e-e7fa-46bc-84e6-f3e049ffa7ed
Audi,2013,1.2,Hybrid,Manual,31131,Like New,A4,52128.75897748884,2025-11-22T22:01:30.049494,5498851e-e7fa-46bc-84e6-f3e049ffa7ed
Mercedes,2001,5.3,Diesel,Manual,418116,Used,C-Class,55283.77765390954,2025-11-22T22:01:30.049494,5498851e-e7fa-46bc-84e6-f3e049ffa7ed
Ford,2021,2.9,Electric,Manual,183805,Like New,Mustang,53757.99601771881,2025-11-22T22:01:30.049494,5498851e-e7fa-46bc-84e6-f3e049ffa7ed
BMW,2002,3.7,Petrol,Manual,50055,Used,X5,51388.969491758246,2025-11-22T22:01:30.049494,5498851e-e7fa-46bc-84e6-f3e049ffa7ed
BMW,2022,1.2,Hybrid,Manual,360990,New,5 Series,53248.87861255543,2025-11-22T22:01:30.049494,5498851e-e7fa-46bc-84e6-f3e049ffa7ed
Tesla,2017,3.5,Electric,Automatic,392635,Like New,Model 3,53248.87861255543,2025-11-22T22:01:30.049494,5498851e-e7fa-46bc-84e6-f3e049ffa7ed
Audi,2010,2.0,Diesel,Manual,329959,New,Q5,54159.72348945311,2025-11-22T22:01:30.049494,5498851e-e7fa-46bc-84e6-f3e049ffa7ed
Audi,2010,5.4,Hybrid,Automatic,81906,Like New,A4,52128.75897748884,2025-11-22T22:01:30.049494,5498851e-e7fa-46bc-84e6-f3e049ffa7ed
Honda,2012,5.3,Petrol,Automatic,133156,Like New,CR-V,49300.245935502404,2025-11-22T22:01:30.049494,5498851e-e7fa-46bc-84e6-f3e049ffa7ed
Toyota,2000,1.2,Hybrid,Manual,47482,New,Camry,52128.75897748884,2025-11-22T22:01:30.049494,5498851e-e7fa-46bc-84e6-f3e049ffa7ed
Honda,2019,3.0,Diesel,Manual,271354,New,Civic,52227.66512779105,2025-11-22T22:01:30.049494,5498851e-e7fa-46bc-84e6-f3e049ffa7ed
Tesla,2013,5.7,Petrol,Manual,219112,New,Model 3,53026.27468342984,2025-11-22T22:01:30.049494,5498851e-e7fa-46bc-84e6-f3e049ffa7ed
Honda,2009,1.1,Diesel,Automatic,163095,Like New,CR-V,49099.4398884792,2025-11-22T22:01:30.049494,5498851e-e7fa-46bc-84e6-f3e049ffa7ed
Honda,1999,4.7,Diesel,Automatic,153849,Used,CR-V,45305.1282800317,2025-11-22T22:01:30.049494,5498851e-e7fa-46bc-84e6-f3e049ffa7ed
Toyota,2022,2.9,Electric,Automatic,356667,New,Prius,53248.87861255543,2025-11-22T22:01:30.049494,5498851e-e7fa-46bc-84e6-f3e049ffa7ed
Ford,2014,2.5,Hybrid,Manual,57085,Like New,Fiesta,51246.59571777843,2025-11-22T22:01:30.049494,5498851e-e7fa-46bc-84e6-f3e049ffa7ed
Mercedes,2020,4.0,Petrol,Manual,214918,Used,GLA,49565.4123042432,2025-11-22T22:01:30.049494,5498851e-e7fa-46bc-84e6-f3e049ffa7ed
Toyota,2015,4.3,Electric,Automatic,435480,Used,Camry,53248.87861255543,2025-11-22T22:01:30.049494,5498851e-e7fa-46bc-84e6-f3e049ffa7ed
Mercedes,2002,5.5,Electric,Automatic,100344,New,E-Class,53252.81314194528,2025-11-22T22:01:30.049494,5498851e-e7fa-46bc-84e6-f3e049ffa7ed
Tesla,2001,2.2,Electric,Manual,32737,Like New,Model Y,52456.86712590835,2025-11-22T22:01:30.049494,5498851e-e7fa-46bc-84e6-f3e049ffa7ed
BMW,2009,2.5,Hybrid,Automatic,236997,Like New,X5,51316.820250893375,2025-11-22T22:01:30.049494,5498851e-e7fa-46bc-84e6-f3e049ffa7ed
Ford,2006,2.6,Hybrid,Manual,388519,Used,Focus,53248.87861255543,2025-11-22T22:01:30.049494,5498851e-e7fa-46bc-84e6-f3e049ffa7ed
Toyota,2018,3.9,Electric,Automatic,231709,New,Prius,51316.820250893375,2025-11-22T22:01:30.049494,5498851e-e7fa-46bc-84e6-f3e049ffa7ed
Toyota,2015,3.5,Petrol,Manual,394069,New,Prius,52509.08912682484,2025-11-22T22:01:30.049494,5498851e-e7fa-46bc-84e6-f3e049ffa7ed
BMW,2006,4.3,Hybrid,Manual,291282,Like New,X3,53248.87861255543,2025-11-22T22:01:30.049494,5498851e-e7fa-46bc-84e6-f3e049ffa7ed
Ford,2000,1.9,Diesel,Manual,242262,Like New,Explorer,52227.66512779105,2025-11-22T22:01:30.049494,5498851e-e7fa-46bc-84e6-f3e049ffa7ed
Ford,2022,4.5,Electric,Manual,166761,Used,Fiesta,52875.8327580084,2025-11-22T22:01:30.049494,5498851e-e7fa-46bc-84e6-f3e049ffa7ed
Audi,2017,2.2,Petrol,Automatic,265161,Like New,Q5,50577.03076516278,2025-11-22T22:01:30.049494,5498851e-e7fa-46bc-84e6-f3e049ffa7ed
Ford,2007,5.0,Diesel,Manual,433986,Used,Fiesta,53277.560229742696,2025-11-22T22:01:30.049494,5498851e-e7fa-46bc-84e6-f3e049ffa7ed
Ford,2019,3.3,Electric,Automatic,265564,Like New,Fiesta,50434.656991182965,2025-11-22T22:01:30.049494,5498851e-e7fa-46bc-84e6-f3e049ffa7ed
Ford,2011,1.2,Electric,Automatic,447487,New,Fiesta,52366.71535284502,2025-11-22T22:01:30.049494,5498851e-e7fa-46bc-84e6-f3e049ffa7ed
Tesla,2017,1.0,Diesel,Automatic,417744,New,Model Y,58014.42876388721,2025-11-22T22:01:30.049494,5498851e-e7fa-46bc-84e6-f3e049ffa7ed
Tesla,2001,4.6,Diesel,Automatic,10146,Like New,Model Y,53367.71200280602,2025-11-22T22:01:30.049494,5498851e-e7fa-46bc-84e6-f3e049ffa7ed
Audi,2002,2.1,Hybrid,Manual,282627,Used,Q7,51316.820250893375,2025-11-22T22:01:30.049494,5498851e-e7fa-46bc-84e6-f3e049ffa7ed
Honda,2021,5.4,Electric,Manual,391741,Like New,Civic,53248.87861255543,2025-11-22T22:01:30.049494,5498851e-e7fa-46bc-84e6-f3e049ffa7ed
Honda,2007,3.8,Electric,Manual,375714,Used,Fit,53248.87861255543,2025-11-22T22:01:30.049494,5498851e-e7fa-46bc-84e6-f3e049ffa7ed
Audi,2003,1.3,Electric,Automatic,366,Like New,Q7,52128.75897748884,2025-11-22T22:01:30.049494,5498851e-e7fa-46bc-84e6-f3e049ffa7ed
Toyota,2015,5.7,Hybrid,Manual,99226,New,Camry,52128.75897748884,2025-11-22T22:01:30.049494,5498851e-e7fa-46bc-84e6-f3e049ffa7ed
Mercedes,2009,2.2,Diesel,Automatic,154852,Used,C-Class,52614.049520287816,2025-11-22T22:01:30.049494,5498851e-e7fa-46bc-84e6-f3e049ffa7ed
Mercedes,2002,4.1,Petrol,Manual,395328,New,GLC,56144.81765280186,2025-11-22T22:01:30.049494,5498851e-e7fa-46bc-84e6-f3e049ffa7ed
Honda,2004,1.4,Petrol,Automatic,63058,New,Fit,51388.969491758246,2025-11-22T22:01:30.049494,5498851e-e7fa-46bc-84e6-f3e049ffa7ed
Honda,2022,4.5,Diesel,Manual,173721,Like New,Civic,54668.840894616485,2025-11-22T22:01:30.049494,5498851e-e7fa-46bc-84e6-f3e049ffa7ed
Ford,2008,4.6,Hybrid,Manual,68265,Like New,Explorer,52128.75897748884,2025-11-22T22:01:30.049494,5498851e-e7fa-46bc-84e6-f3e049ffa7ed
Mercedes,2018,4.0,Hybrid,Automatic,127522,Used,GLC,52935.974461479425,2025-11-22T22:01:30.049494,5498851e-e7fa-46bc-84e6-f3e049ffa7ed
Ford,2005,2.9,Petrol,Manual,425308,Like New,Explorer,52509.08912682484,2025-11-22T22:01:30.049494,5498851e-e7fa-46bc-84e6-f3e049ffa7ed
Honda,2021,3.4,Diesel,Automatic,437623,Used,Accord,54159.72348945311,2025-11-22T22:01:30.049494,5498851e-e7fa-46bc-84e6-f3e049ffa7ed
Audi,2007,4.8,Electric,Manual,58576,Used,Q5,52128.75897748884,2025-11-22T22:01:30.049494,5498851e-e7fa-46bc-84e6-f3e049ffa7ed
Audi,2002,4.2,Diesel,Manual,228277,New,A3,52227.66512779105,2025-11-22T22:01:30.049494,5498851e-e7fa-46bc-84e6-f3e049ffa7ed
Mercedes,2011,5.2,Electric,Manual,135109,Used,C-Class,51164.089585689435,2025-11-22T22:01:30.049494,5498851e-e7fa-46bc-84e6-f3e049ffa7ed
Toyota,2005,3.1,Petrol,Manual,354208,New,Camry,52509.08912682484,2025-11-22T22:01:30.049494,5498851e-e7fa-46bc-84e6-f3e049ffa7ed
Honda,2020,3.3,Petrol,Automatic,380967,New,CR-V,52509.08912682484,2025-11-22T22:01:30.049494,5498851e-e7fa-46bc-84e6-f3e049ffa7ed
Honda,2007,3.3,Petrol,Automatic,117514,Used,Fit,51388.969491758246,2025-11-22T22:01:30.049494,5498851e-e7fa-46bc-84e6-f3e049ffa7ed
Mercedes,2001,2.5,Electric,Manual,31078,Like New,GLC,54652.86624935562,2025-11-22T22:01:30.049494,5498851e-e7fa-46bc-84e6-f3e049ffa7ed
Toyota,2012,4.5,Diesel,Automatic,136222,New,RAV4,50950.88029813067,2025-11-22T22:01:30.049494,5498851e-e7fa-46bc-84e6-f3e049ffa7ed
Mercedes,2003,3.6,Electric,Manual,23128,Used,GLA,50631.76921802053,2025-11-22T22:01:30.049494,5498851e-e7fa-46bc-84e6-f3e049ffa7ed
Honda,2001,2.7,Electric,Automatic,318564,New,Civic,53248.87861255543,2025-11-22T22:01:30.049494,5498851e-e7fa-46bc-84e6-f3e049ffa7ed
Ford,2022,5.1,Petrol,Manual,122095,New,Fiesta,53556.40777617235,2025-11-22T22:01:30.049494,5498851e-e7fa-46bc-84e6-f3e049ffa7ed
Honda,2009,1.3,Electric,Manual,279252,Used,Civic,51316.820250893375,2025-11-22T22:01:30.049494,5498851e-e7fa-46bc-84e6-f3e049ffa7ed
Tesla,2013,4.1,Hybrid,Manual,298405,Used,Model S,53248.87861255543,2025-11-22T22:01:30.049494,5498851e-e7fa-46bc-84e6-f3e049ffa7ed
Honda,2002,1.7,Hybrid,Automatic,340885,Used,Accord,53248.87861255543,2025-11-22T22:01:30.049494,5498851e-e7fa-46bc-84e6-f3e049ffa7ed
Audi,2020,4.6,Electric,Automatic,14199,Used,A3,52128.75897748884,2025-11-22T22:01:30.049494,5498851e-e7fa-46bc-84e6-f3e049ffa7ed
Audi,2018,4.5,Petrol,Automatic,133534,New,Q7,49300.245935502404,2025-11-22T22:01:30.049494,5498851e-e7fa-46bc-84e6-f3e049ffa7ed
Ford,2016,4.2,Electric,Automatic,121171,Like New,Fiesta,51246.59571777843,2025-11-22T22:01:30.049494,5498851e-e7fa-46bc-84e6-f3e049ffa7ed
Honda,2008,2.9,Diesel,Automatic,408688,Used,CR-V,48524.12450443525,2025-11-22T22:01:30.049494,5498851e-e7fa-46bc-84e6-f3e049ffa7ed
Mercedes,2012,5.0,Diesel,Automatic,84357,Like New,GLC,58713.1223893172,2025-11-22T22:01:30.049494,5498851e-e7fa-46bc-84e6-f3e049ffa7ed
Honda,2022,5.0,Petrol,Manual,252135,New,Accord,50577.03076516278,2025-11-22T22:01:30.049494,5498851e-e7fa-46bc-84e6-f3e049ffa7ed
Tesla,2002,5.1,Petrol,Automatic,7291,Used,Model S,51388.969491758246,2025-11-22T22:01:30.049494,5498851e-e7fa-46bc-84e6-f3e049ffa7ed
Tesla,2011,1.2,Hybrid,Manual,435240,New,Model 3,53248.87861255543,2025-11-22T22:01:30.049494,5498851e-e7fa-46bc-84e6-f3e049ffa7ed
Honda,2017,2.2,Diesel,Automatic,112515,New,Fit,53039.603854386514,2025-11-22T22:01:30.049494,5498851e-e7fa-46bc-84e6-f3e049ffa7ed
Tesla,2019,5.9,Hybrid,Manual,238039,Like New,Model X,51316.820250893375,2025-11-22T22:01:30.049494,5498851e-e7fa-46bc-84e6-f3e049ffa7ed
Mercedes,2019,3.2,Petrol,Manual,123961,Like New,C-Class,50219.334753119605,2025-11-22T22:01:30.049494,5498851e-e7fa-46bc-84e6-f3e049ffa7ed
Audi,2015,1.4,Petrol,Manual,82728,Used,Q5,51388.969491758246,2025-11-22T22:01:30.049494,5498851e-e7fa-46bc-84e6-f3e049ffa7ed
Tesla,1999,1.7,Hybrid,Automatic,343954,New,Model 3,53248.87861255543,2025-11-22T22:01:30.049494,5498851e-e7fa-46bc-84e6-f3e049ffa7ed
Tesla,2021,3.1,Diesel,Manual,315231,Like New,Model S,56239.15782761038,2025-11-22T22:01:30.049494,5498851e-e7fa-46bc-84e6-f3e049ffa7ed
Honda,2012,2.2,Electric,Automatic,65058,Like New,Civic,52128.75897748884,2025-11-22T22:01:30.049494,5498851e-e7fa-46bc-84e6-f3e049ffa7ed
Audi,2022,1.3,Electric,Manual,86598,New,Q5,52128.75897748884,2025-11-22T22:01:30.049494,5498851e-e7fa-46bc-84e6-f3e049ffa7ed
Mercedes,2015,5.7,Petrol,Automatic,306373,New,E-Class,49008.37187433503,2025-11-22T22:01:30.049494,5498851e-e7fa-46bc-84e6-f3e049ffa7ed
BMW,2021,1.8,Hybrid,Automatic,90232,New,3 Series,54418.76196605382,2025-11-22T22:01:30.049494,5498851e-e7fa-46bc-84e6-f3e049ffa7ed
Toyota,2007,3.2,Electric,Automatic,87352,Used,Corolla,52128.75897748884,2025-11-22T22:01:30.049494,5498851e-e7fa-46bc-84e6-f3e049ffa7ed
Audi,1999,2.1,Petrol,Manual,314244,Like New,Q7,52509.08912682484,2025-11-22T22:01:30.049494,5498851e-e7fa-46bc-84e6-f3e049ffa7ed
Mercedes,2020,2.7,Petrol,Automatic,137673,Like New,E-Class,53361.652736036136,2025-11-22T22:01:30.049494,5498851e-e7fa-46bc-84e6-f3e049ffa7ed
Toyota,2004,4.4,Hybrid,Automatic,97243,Like New,Camry,52128.75897748884,2025-11-22T22:01:30.049494,5498851e-e7fa-46bc-84e6-f3e049ffa7ed
Audi,2010,4.7,Diesel,Manual,109270,Like New,A3,53039.603854386514,2025-11-22T22:01:30.049494,5498851e-e7fa-46bc-84e6-f3e049ffa7ed
Honda,2015,3.1,Electric,Manual,420618,Used,Civic,53248.87861255543,2025-11-22T22:01:30.049494,5498851e-e7fa-46bc-84e6-f3e049ffa7ed
Tesla,2017,1.7,Petrol,Automatic,178497,New,Model X,53018.20653198822,2025-11-22T22:01:30.049494,5498851e-e7fa-46bc-84e6-f3e049ffa7ed
Audi,2015,4.2,Diesel,Manual,308076,New,Q7,54159.72348945311,2025-11-22T22:01:30.049494,5498851e-e7fa-46bc-84e6-f3e049ffa7ed
Honda,2003,4.5,Diesel,Manual,231783,Used,CR-V,46592.06614277319,2025-11-22T22:01:30.049494,5498851e-e7fa-46bc-84e6-f3e049ffa7ed
BMW,2017,3.1,Diesel,Manual,436003,Like New,X5,54159.72348945311,2025-11-22T22:01:30.049494,5498851e-e7fa-46bc-84e6-f3e049ffa7ed
Ford,2009,3.7,Electric,Automatic,192102,Used,Explorer,51802.191549442105,2025-11-22T22:01:30.049494,5498851e-e7fa-46bc-84e6-f3e049ffa7ed
Honda,2005,4.9,Petrol,Manual,232834,Like New,CR-V,50577.03076516278,2025-11-22T22:01:30.049494,5498851e-e7fa-46bc-84e6-f3e049ffa7ed
Tesla,2014,1.9,Diesel,Manual,13332,Like New,Model Y,53367.71200280602,2025-11-22T22:01:30.049494,5498851e-e7fa-46bc-84e6-f3e049ffa7ed
Tesla,2008,1.3,Petrol,Automatic,1495,New,Model S,51388.969491758246,2025-11-22T22:01:30.049494,5498851e-e7fa-46bc-84e6-f3e049ffa7ed
Honda,2003,1.3,Diesel,Automatic,325119,New,CR-V,52318.43611288275,2025-11-22T22:01:30.049494,5498851e-e7fa-46bc-84e6-f3e049ffa7ed
Audi,2017,1.7,Diesel,Automatic,332499,Used,A3,54159.72348945311,2025-11-22T22:01:30.049494,5498851e-e7fa-46bc-84e6-f3e049ffa7ed
Audi,1999,1.4,Hybrid,Automatic,108328,Like New,Q7,52128.75897748884,2025-11-22T22:01:30.049494,5498851e-e7fa-46bc-84e6-f3e049ffa7ed
Tesla,2022,3.3,Petrol,Manual,443296,Like New,Model X,52509.08912682484,2025-11-22T22:01:30.049494,5498851e-e7fa-46bc-84e6-f3e049ffa7ed
Ford,2015,1.3,Electric,Automatic,15850,Like New,Mustang,52128.75897748884,2025-11-22T22:01:30.049494,5498851e-e7fa-46bc-84e6-f3e049ffa7ed
BMW,2014,3.1,Diesel,Automatic,105573,Used,X3,53039.603854386514,2025-11-22T22:01:30.049494,5498851e-e7fa-46bc-84e6-f3e049ffa7ed
Ford,2018,1.7,Hybrid,Automatic,423280,Used,Explorer,53248.87861255543,2025-11-22T22:01:30.049494,5498851e-e7fa-46bc-84e6-f3e049ffa7ed
Tesla,2022,1.4,Petrol,Manual,133794,Used,Model X,49300.245935502404,2025-11-22T22:01:30.049494,5498851e-e7fa-46bc-84e6-f3e049ffa7ed
Ford,2002,4.6,Hybrid,Automatic,414568,New,Fiesta,52366.71535284502,2025-11-22T22:01:30.049494,5498851e-e7fa-46bc-84e6-f3e049ffa7ed
Honda,2000,4.2,Diesel,Automatic,46689,Used,CR-V,47404.004869368655,2025-11-22T22:01:30.049494,5498851e-e7fa-46bc-84e6-f3e049ffa7ed
Audi,2012,3.0,Petrol,Manual,110049,Like New,Q7,51388.969491758246,2025-11-22T22:01:30.049494,5498851e-e7fa-46bc-84e6-f3e049ffa7ed
Ford,2018,3.9,Petrol,Manual,151809,Used,Focus,53018.20653198822,2025-11-22T22:01:30.049494,5498851e-e7fa-46bc-84e6-f3e049ffa7ed
Tesla,2001,5.8,Diesel,Manual,24438,Used,Model 3,53039.603854386514,2025-11-22T22:01:30.049494,5498851e-e7fa-46bc-84e6-f3e049ffa7ed
Tesla,2011,4.6,Petrol,Manual,158211,Used,Model S,53018.20653198822,2025-11-22T22:01:30.049494,5498851e-e7fa-46bc-84e6-f3e049ffa7ed
Ford,2007,5.0,Electric,Automatic,389844,Like New,Focus,53248.87861255543,2025-11-22T22:01:30.049494,5498851e-e7fa-46bc-84e6-f3e049ffa7ed
BMW,2006,1.6,Petrol,Automatic,180901,New,X5,53018.20653198822,2025-11-22T22:01:30.049494,5498851e-e7fa-46bc-84e6-f3e049ffa7ed
Audi,2022,4.7,Diesel,Manual,232774,Used,A3,52227.66512779105,2025-11-22T22:01:30.049494,5498851e-e7fa-46bc-84e6-f3e049ffa7ed
Toyota,2013,2.6,Diesel,Automatic,186117,New,Camry,54668.840894616485,2025-11-22T22:01:30.049494,5498851e-e7fa-46bc-84e6-f3e049ffa7ed
Audi,2020,3.9,Electric,Automatic,125040,New,Q7,52128.75897748884,2025-11-22T22:01:30.049494,5498851e-e7fa-46bc-84e6-f3e049ffa7ed
Toyota,2014,2.1,Electric,Manual,253770,Like New,Corolla,51316.820250893375,2025-11-22T22:01:30.049494,5498851e-e7fa-46bc-84e6-f3e049ffa7ed
Ford,1999,5.5,Diesel,Automatic,407058,New,Focus,54159.72348945311,2025-11-22T22:01:30.049494,5498851e-e7fa-46bc-84e6-f3e049ffa7ed
BMW,2022,2.1,Diesel,Automatic,336603,Like New,5 Series,54159.72348945311,2025-11-22T22:01:30.049494,5498851e-e7fa-46bc-84e6-f3e049ffa7ed
Ford,2018,4.1,Hybrid,Manual,25107,Like New,Fiesta,51246.59571777843,2025-11-22T22:01:30.049494,5498851e-e7fa-46bc-84e6-f3e049ffa7ed
Honda,2016,1.7,Petrol,Automatic,136116,New,Fit,49300.245935502404,2025-11-22T22:01:30.049494,5498851e-e7fa-46bc-84e6-f3e049ffa7ed
BMW,2011,1.5,Electric,Manual,238867,Used,3 Series,52110.56737434163,2025-11-22T22:01:30.049494,5498851e-e7fa-46bc-84e6-f3e049ffa7ed
BMW,2020,1.3,Electric,Manual,177478,Used,5 Series,53757.99601771881,2025-11-22T22:01:30.049494,5498851e-e7fa-46bc-84e6-f3e049ffa7ed
Honda,2019,3.8,Petrol,Automatic,188110,Used,Civic,53018.20653198822,2025-11-22T22:01:30.049494,5498851e-e7fa-46bc-84e6-f3e049ffa7ed
Ford,2006,3.4,Electric,Automatic,23608,Like New,Focus,52128.75897748884,2025-11-22T22:01:30.049494,5498851e-e7fa-46bc-84e6-f3e049ffa7ed
Honda,2012,2.7,Diesel,Automatic,251719,Like New,Fit,52227.66512779105,2025-11-22T22:01:30.049494,5498851e-e7fa-46bc-84e6-f3e049ffa7ed
Ford,2014,3.0,Petrol,Manual,10848,New,Fiesta,53556.40777617235,2025-11-22T22:01:30.049494,5498851e-e7fa-46bc-84e6-f3e049ffa7ed
Tesla,2010,5.1,Electric,Manual,133378,Used,Model Y,50368.14356965251,2025-11-22T22:01:30.049494,5498851e-e7fa-46bc-84e6-f3e049ffa7ed
BMW,2013,2.8,Hybrid,Automatic,131542,New,X3,50040.035421233,2025-11-22T22:01:30.049494,5498851e-e7fa-46bc-84e6-f3e049ffa7ed
BMW,2013,5.0,Petrol,Manual,278769,Like New,3 Series,52110.56737434163,2025-11-22T22:01:30.049494,5498851e-e7fa-46bc-84e6-f3e049ffa7ed
Audi,2012,5.5,Petrol,Manual,183087,Used,A4,53018.20653198822,2025-11-22T22:01:30.049494,5498851e-e7fa-46bc-84e6-f3e049ffa7ed
Ford,2020,1.1,Hybrid,Manual,409240,Like New,Fiesta,52366.71535284502,2025-11-22T22:01:30.049494,5498851e-e7fa-46bc-84e6-f3e049ffa7ed
Audi,2003,1.3,Hybrid,Automatic,121461,Like New,Q7,52128.75897748884,2025-11-22T22:01:30.049494,5498851e-e7fa-46bc-84e6-f3e049ffa7ed
Audi,2014,1.6,Hybrid,Manual,176044,New,A4,53757.99601771881,2025-11-22T22:01:30.049494,5498851e-e7fa-46bc-84e6-f3e049ffa7ed
Honda,2020,2.7,Electric,Automatic,354042,Like New,Fit,53248.87861255543,2025-11-22T22:01:30.049494,5498851e-e7fa-46bc-84e6-f3e049ffa7ed
Toyota,2009,2.5,Diesel,Automatic,166156,New,Corolla,54668.840894616485,2025-11-22T22:01:30.049494,5498851e-e7fa-46bc-84e6-f3e049ffa7ed
Honda,2021,6.0,Hybrid,Manual,167371,Like New,Accord,53757.99601771881,2025-11-22T22:01:30.049494,5498851e-e7fa-46bc-84e6-f3e049ffa7ed
Ford,2017,4.2,Hybrid,Automatic,226761,New,Explorer,51316.820250893375,2025-11-22T22:01:30.049494,5498851e-e7fa-46bc-84e6-f3e049ffa7ed
Tesla,2006,3.8,Diesel,Automatic,64720,Used,Model S,55119.03819254379,2025-11-22T22:01:30.049494,5498851e-e7fa-46bc-84e6-f3e049ffa7ed
Audi,2016,3.0,Hybrid,Automatic,265588,Used,Q5,51316.820250893375,2025-11-22T22:01:30.049494,5498851e-e7fa-46bc-84e6-f3e049ffa7ed
Mercedes,2020,2.6,Petrol,Manual,24097,Used,GLA,49006.8230965999,2025-11-22T22:01:30.049494,5498851e-e7fa-46bc-84e6-f3e049ffa7ed
Honda,2015,5.0,Petrol,Automatic,107286,Like New,Accord,51388.969491758246,2025-11-22T22:01:30.049494,5498851e-e7fa-46bc-84e6-f3e049ffa7ed
Honda,2002,1.0,Hybrid,Automatic,177172,Like New,CR-V,53556.47951416648,2025-11-22T22:01:30.049494,5498851e-e7fa-46bc-84e6-f3e049ffa7ed
Ford,2002,1.1,Petrol,Automatic,57568,Used,Focus,51388.969491758246,2025-11-22T22:01:30.049494,5498851e-e7fa-46bc-84e6-f3e049ffa7ed
Toyota,2002,3.5,Diesel,Automatic,322107,Used,Camry,54159.72348945311,2025-11-22T22:01:30.049494,5498851e-e7fa-46bc-84e6-f3e049ffa7ed
Mercedes,2014,1.3,Petrol,Automatic,29019,New,GLC,57805.752560152214,2025-11-22T22:01:30.049494,5498851e-e7fa-46bc-84e6-f3e049ffa7ed
Tesla,2002,1.4,Diesel,Automatic,32277,Like New,Model X,53039.603854386514,2025-11-22T22:01:30.049494,5498851e-e7fa-46bc-84e6-f3e049ffa7ed
Mercedes,2006,5.4,Hybrid,Automatic,207084,New,C-Class,52926.24571389854,2025-11-22T22:01:30.049494,5498851e-e7fa-46bc-84e6-f3e049ffa7ed
BMW,2019,2.9,Diesel,Manual,352600,Used,X3,54159.72348945311,2025-11-22T22:01:30.049494,5498851e-e7fa-46bc-84e6-f3e049ffa7ed
Honda,2001,2.0,Petrol,Automatic,155146,Like New,Accord,53018.20653198822,2025-11-22T22:01:30.049494,5498851e-e7fa-46bc-84e6-f3e049ffa7ed
Honda,2012,4.8,Electric,Manual,99850,New,CR-V,52128.75897748884,2025-11-22T22:01:30.049494,5498851e-e7fa-46bc-84e6-f3e049ffa7ed
Audi,2006,4.6,Diesel,Automatic,187179,Like New,A4,54668.840894616485,2025-11-22T22:01:30.049494,5498851e-e7fa-46bc-84e6-f3e049ffa7ed
BMW,2005,2.5,Diesel,Manual,384519,Like New,X3,54159.72348945311,2025-11-22T22:01:30.049494,5498851e-e7fa-46bc-84e6-f3e049ffa7ed
Ford,2004,4.0,Electric,Manual,202495,Like New,Fiesta,50920.028289731694,2025-11-22T22:01:30.049494,5498851e-e7fa-46bc-84e6-f3e049ffa7ed
Honda,2020,1.3,Petrol,Manual,215923,Used,Accord,53026.27468342984,2025-11-22T22:01:30.049494,5498851e-e7fa-46bc-84e6-f3e049ffa7ed
BMW,2001,2.1,Diesel,Manual,406282,Used,X3,54159.72348945311,2025-11-22T22:01:30.049494,5498851e-e7fa-46bc-84e6-f3e049ffa7ed
Toyota,2019,5.1,Diesel,Automatic,243712,Used,Camry,52227.66512779105,2025-11-22T22:01:30.049494,5498851e-e7fa-46bc-84e6-f3e049ffa7ed
Honda,2020,4.1,Hybrid,Manual,189558,New,Civic,51802.191549442105,2025-11-22T22:01:30.049494,5498851e-e7fa-46bc-84e6-f3e049ffa7ed
Tesla,2019,1.4,Electric,Manual,78082,Used,Model 3,52128.75897748884,2025-11-22T22:01:30.049494,5498851e-e7fa-46bc-84e6-f3e049ffa7ed
Audi,1999,3.6,Diesel,Manual,172563,New,Q5,54668.840894616485,2025-11-22T22:01:30.049494,5498851e-e7fa-46bc-84e6-f3e049ffa7ed
Toyota,2013,3.8,Hybrid,Automatic,168609,Like New,RAV4,53757.99601771881,2025-11-22T22:01:30.049494,5498851e-e7fa-46bc-84e6-f3e049ffa7ed
Audi,2003,2.0,Diesel,Automatic,363186,New,A4,54159.72348945311,2025-11-22T22:01:30.049494,5498851e-e7fa-46bc-84e6-f3e049ffa7ed
Honda,2009,4.8,Diesel,Manual,10564,Used,Accord,53039.603854386514,2025-11-22T22:01:30.049494,5498851e-e7fa-46bc-84e6-f3e049ffa7ed
Honda,2003,4.4,Diesel,Automatic,356203,Used,Fit,54159.72348945311,2025-11-22T22:01:30.049494,5498851e-e7fa-46bc-84e6-f3e049ffa7ed
